corruption,foodweb-baywet,inf-USAir97,test,moreno_crime_projected
0.6405644416809082,0.28808069229125977,0.26447200775146484,0.00830984115600586,0.6325438022613525
