graphType,ba,mix,finder,gdm,ci,corehd_new
MinMax_ba,0.2,0.2638058223035449,0.3049563928251833,1.0,0.2000890396627144,0.24892551387015155
MinMax_er,0.23031649956506656,0.2,0.53704059226374,1.0,0.706756131428071,0.5724466728287665
MinMax_sw,0.5105299860530019,0.4328539051603946,1.0,0.771748605299863,0.2,0.702832984658305
MinMax_regular,0.2,0.8226039070128486,1.0,0.8825154806741737,0.21437625467756063,0.6335340817428115
MinMax_sbm,0.2338928020714677,0.2616023088593511,0.2,1.0,0.28307513729501876,0.28506318216749227
