graphType,ba_CN_corr,mix_CN_corr,finder_CN,gdm_CN,ci_CN,corehd_new_CN
CNP_ba,0.40010350656828764,0.3857609242041513,0.2,1.0,0.361549109581654,0.39846937876728855
CNP_er,0.2,0.21375239317233324,0.7406589430663215,0.9868872921862037,1.0,0.9115296015539078
CNP_sw,0.3410332702965624,0.2,0.9447098722604637,0.9853251505630352,0.9270927176362225,1.0
CNP_regular,0.7674268392245678,0.6602499887215499,0.7505392555639181,0.2,0.7847404718904583,1.0
CNP_sbm,0.5770513267713155,0.34665933934500026,0.2,1.0,0.26527748939970086,0.31892209901316804
