graphType,ba_MaxNum,mix_MaxNum_inf,finder_MaxNum,gdm_MaxNum,ci_MaxNum,corehd_new_MaxNum
MaxNum_ba,0.26962293067687326,0.2,0.6490492559325696,1.0,0.4304052040424594,0.21404416689911535
MaxNum_er,0.27456558072916853,0.2,0.5507330279634759,0.7857432166854339,1.0,0.4842222415414374
MaxNum_sw,0.48466832875941734,0.2,0.4778799939482105,1.0,0.7523131001148882,0.22194084297295263
MaxNum_regular,0.7912365126324683,0.27826905112969624,0.5172930756506549,1.0,0.3007893800121505,0.2
MaxNum_sbm,0.29239106944478865,0.23949321004490898,0.2,1.0,0.4295969910214466,0.2407822374711445
