{"erdos_renyi_0": {"nodes": 439, "edges": 609, "heterogeneity": 0.7164813297874325, "density": 0.0063344462820232785, "resilience": 3.493015612161052, "modularity": 0.5112394541645433, "eccentricity": 10.5125284738041, "diameter": 14, "radius": 8, "spectral_radius": 3.81306410517761, "spectral_gap": 0.32072379194946254, "natural_connectivity": 1.7303427077390592, "global_efficiency": 0.17756733263508434, "assortativity": 0.013509741664584102, "parameter": 0.005}, "erdos_renyi_1": {"nodes": 487, "edges": 903, "heterogeneity": 0.9039842096047624, "density": 0.007630491545618171, "resilience": 4.6144044321329645, "modularity": 0.4137163067859194, "eccentricity": 7.946611909650924, "diameter": 10, "radius": 6, "spectral_radius": 4.871346659039272, "spectral_gap": 0.7705198228003649, "natural_connectivity": 2.2680838219570445, "global_efficiency": 0.22499628461321947, "assortativity": 0.0032171711081630527, "parameter": 0.0075}, "erdos_renyi_2": {"nodes": 492, "edges": 1272, "heterogeneity": 1.0462494247583984, "density": 0.010531021807163081, "resilience": 6.219032638615808, "modularity": 0.004693495114908344, "eccentricity": 6.191056910569106, "diameter": 8, "radius": 5, "spectral_radius": 6.366661415567221, "spectral_gap": 1.5827416222065915, "natural_connectivity": 3.091849622703517, "global_efficiency": 0.27473263418250893, "assortativity": -0.04486613482043944, "parameter": 0.01}, "erdos_renyi_3": {"nodes": 500, "edges": 3130, "heterogeneity": 0.9509265175718867, "density": 0.025090180360721442, "resilience": 13.475276044167067, "modularity": 0.0, "eccentricity": 3.998, "diameter": 4, "radius": 3, "spectral_radius": 13.54151981865955, "spectral_gap": 6.38368148173924, "natural_connectivity": 10.617421791867908, "global_efficiency": 0.3903827655304246, "assortativity": -0.005775458338265852, "parameter": 0.025}, "erdos_renyi_4": {"nodes": 500, "edges": 6372, "heterogeneity": 0.9550320150659136, "density": 0.05107815631262525, "resilience": 26.454974068835455, "modularity": 0.0, "eccentricity": 3.0, "diameter": 3, "radius": 3, "spectral_radius": 26.473695489425122, "spectral_gap": 16.725340661105022, "natural_connectivity": 29.23057425127381, "global_efficiency": 0.48270541082121154, "assortativity": -0.0028490786122859226, "parameter": 0.05}, "erdos_renyi_5": {"nodes": 500, "edges": 9286, "heterogeneity": 0.8906758561275064, "density": 0.07443687374749498, "resilience": 38.032644472022874, "modularity": 0.0, "eccentricity": 3.0, "diameter": 3, "radius": 3, "spectral_radius": 38.05975453512903, "spectral_gap": 26.603329205005352, "natural_connectivity": 45.94572311999137, "global_efficiency": 0.5276860387440473, "assortativity": 0.0006179907078813999, "parameter": 0.075}, "erdos_renyi_6": {"nodes": 500, "edges": 12624, "heterogeneity": 0.8788415716096273, "density": 0.10119438877755511, "resilience": 51.38622386223862, "modularity": 0.0, "eccentricity": 2.806, "diameter": 3, "radius": 2, "spectral_radius": 51.387686284176205, "spectral_gap": 38.158528557648744, "natural_connectivity": 65.17386415960155, "global_efficiency": 0.5497488309953162, "assortativity": -0.0017327018068947616, "parameter": 0.1}, "erdos_renyi_7": {"nodes": 500, "edges": 15548, "heterogeneity": 0.8233717519938254, "density": 0.12463326653306613, "resilience": 63.00902352562037, "modularity": 1.1102230246251565e-16, "eccentricity": 2.16, "diameter": 3, "radius": 2, "spectral_radius": 63.019805005983, "spectral_gap": 48.620943327179425, "natural_connectivity": 81.9554641545839, "global_efficiency": 0.5622565130260518, "assortativity": -0.007022667958757549, "parameter": 0.125}, "erdos_renyi_8": {"nodes": 500, "edges": 18693, "heterogeneity": 0.7235865832129582, "density": 0.1498436873747495, "resilience": 75.48128886982629, "modularity": 0.0, "eccentricity": 2.004, "diameter": 3, "radius": 2, "spectral_radius": 75.4925022942081, "spectral_gap": 60.1675918300115, "natural_connectivity": 99.94976267881545, "global_efficiency": 0.5749205076820307, "assortativity": -0.014078023880260524, "parameter": 0.15}, "barabasi_albert_0": {"nodes": 500, "edges": 499, "heterogeneity": 5.060112224448897, "density": 0.004, "resilience": 7.062186559679036, "modularity": 0.6996939771326218, "eccentricity": 14.238, "diameter": 20, "radius": 10, "spectral_radius": 7.624083904676985, "spectral_gap": 3.208824277310722, "natural_connectivity": 2.7615741256134556, "global_efficiency": 0.17728055917409516, "assortativity": -0.1273709883778904, "parameter": 1}, "barabasi_albert_1": {"nodes": 500, "edges": 996, "heterogeneity": 5.538088353413655, "density": 0.007983967935871743, "resilience": 9.529648241206031, "modularity": 0.36454805164432885, "eccentricity": 5.79, "diameter": 7, "radius": 4, "spectral_radius": 9.790504876926, "spectral_gap": 3.3655440174798263, "natural_connectivity": 5.427084195204503, "global_efficiency": 0.2828880618377063, "assortativity": -0.08718849181539932, "parameter": 2}, "barabasi_albert_2": {"nodes": 500, "edges": 1491, "heterogeneity": 6.1044104627766576, "density": 0.01195190380761523, "resilience": 12.077542799597182, "modularity": 0.0, "eccentricity": 4.638, "diameter": 5, "radius": 3, "spectral_radius": 11.954502910893753, "spectral_gap": 4.562887979359737, "natural_connectivity": 8.36437273950907, "global_efficiency": 0.32703834335327553, "assortativity": -0.07345917807460144, "parameter": 3}, "barabasi_albert_3": {"nodes": 500, "edges": 1984, "heterogeneity": 7.324584677419356, "density": 0.01590380761523046, "resilience": 15.271947527749747, "modularity": 0.0, "eccentricity": 4.088, "diameter": 5, "radius": 3, "spectral_radius": 14.995919253878526, "spectral_gap": 6.600308977300713, "natural_connectivity": 12.67927202234565, "global_efficiency": 0.35969298597157423, "assortativity": -0.07242243635807766, "parameter": 4}, "barabasi_albert_4": {"nodes": 500, "edges": 2475, "heterogeneity": 7.567878787878786, "density": 0.019839679358717433, "resilience": 17.480485338725984, "modularity": 0.0, "eccentricity": 3.95, "diameter": 5, "radius": 3, "spectral_radius": 17.528168529399, "spectral_gap": 8.821153232826322, "natural_connectivity": 16.325881545130965, "global_efficiency": 0.38091663326589753, "assortativity": -0.04325820095476799, "parameter": 5}, "barabasi_albert_5": {"nodes": 500, "edges": 2964, "heterogeneity": 8.771530364372468, "density": 0.023759519038076153, "resilience": 20.64235055724417, "modularity": 0.0, "eccentricity": 3.828, "diameter": 4, "radius": 3, "spectral_radius": 20.315755241079888, "spectral_gap": 11.17054397799724, "natural_connectivity": 20.346648072609565, "global_efficiency": 0.40059919839597846, "assortativity": -0.05928660604169888, "parameter": 6}, "barabasi_albert_6": {"nodes": 500, "edges": 3451, "heterogeneity": 10.622253259924658, "density": 0.027663326653306612, "resilience": 24.44394488759971, "modularity": 0.0, "eccentricity": 3.532, "diameter": 4, "radius": 3, "spectral_radius": 23.98245568913905, "spectral_gap": 14.494705316733443, "natural_connectivity": 25.63647793620418, "global_efficiency": 0.41789111556357766, "assortativity": -0.05551682595637375, "parameter": 7}, "barabasi_albert_7": {"nodes": 500, "edges": 3936, "heterogeneity": 10.05452642276423, "density": 0.03155110220440882, "resilience": 25.816632756866735, "modularity": 1.1102230246251565e-16, "eccentricity": 3.25, "diameter": 4, "radius": 3, "spectral_radius": 25.685068834492064, "spectral_gap": 16.103567253779218, "natural_connectivity": 28.092826441731585, "global_efficiency": 0.4287361389436295, "assortativity": -0.041071125667598324, "parameter": 8}, "barabasi_albert_8": {"nodes": 500, "edges": 4419, "heterogeneity": 10.91825209323377, "density": 0.035422845691382765, "resilience": 28.61422584664175, "modularity": 0.0, "eccentricity": 3.048, "diameter": 4, "radius": 3, "spectral_radius": 28.14599622204539, "spectral_gap": 17.588994245031422, "natural_connectivity": 31.643193310900045, "global_efficiency": 0.44268804275126494,