test,testTrain,corruption,foodweb-baywet,inf-USAir97,moreno_crime_projected,opsahl-openflights,household,faa,facebook,powergrid,netscience
0.08208537101745605,0.05699348449707031,0.5010883808135986,0.28576159477233887,0.2187943458557129,0.5412170886993408,1.1612980365753174,0.44623303413391113,0.6097753047943115,0.03946423530578613,2.0271129608154297,1.1579985618591309
