test,testTrain,corruption,foodweb-baywet,inf-USAir97,moreno_crime_projected,opsahl-openflights,household,faa,facebook,powergrid,netscience,ba_300_20_house_1,ba_300_40_house_2,ba_300_60_house_3,ba_300_80_house_4,ba_300_100_house_5,ba_300_20_grid_1,ba_300_40_grid_2,ba_300_60_grid_3,ba_300_80_grid_4,ba_300_100_grid_5,tree_8_20_cycle_1,tree_8_40_cycle_2,tree_8_60_cycle_3,tree_8_80_cycle_4,tree_8_100_cycle_5,tree_8_20_grid_1,tree_8_40_grid_2,tree_8_60_grid_3,tree_8_80_grid_4,tree_8_100_grid_5
0.08391904830932617,0.057314157485961914,0.4802060127258301,0.28203368186950684,0.2009129524230957,0.5036177635192871,1.0671865940093994,0.4071998596191406,0.5742993354797363,0.0368497371673584,1.9416682720184326,1.0633625984191895,0.3871574401855469,0.4611637592315674,0.4947667121887207,0.5340456962585449,0.6343603134155273,0.5239241123199463,0.5771806240081787,0.6669673919677734,0.7370014190673828,0.7973425388336182,0.3754153251647949,0.4784815311431885,0.555647611618042,0.6548280715942383,0.6713893413543701,0.4432356357574463,0.5527787208557129,0.638002872467041,0.7095627784729004,0.7462427616119385
