test,testTrain,corruption,foodweb-baywet,inf-USAir97,moreno_crime_projected,opsahl-openflights,household,faa,facebook,powergrid,netscience
0.10726643598615918,0.2748,0.08177543176129282,0.38763427734375,0.10897808099869356,0.04514560715969296,0.08359994493918013,0.10924725402332591,0.10899249272824528,0.0009196042848044444,0.04873643377607642,0.011867767991038738
0.0008597373962402344,0.0033278465270996094,0.06794977188110352,0.04026222229003906,0.041728973388671875,0.0451350212097168,0.32866883277893066,0.04711127281188965,0.02994084358215332,0.04110550880432129,0.09159731864929199,0.033866167068481445
