test,testTrain,corruption,foodweb-baywet,inf-USAir97,moreno_crime_projected,opsahl-openflights,household,faa,facebook,powergrid,netscience,ba_300_20_house_1,ba_300_40_house_2,ba_300_60_house_3,ba_300_80_house_4,ba_300_100_house_5,ba_300_20_grid_1,ba_300_40_grid_2,ba_300_60_grid_3,ba_300_80_grid_4,ba_300_100_grid_5,tree_8_20_cycle_1,tree_8_40_cycle_2,tree_8_60_cycle_3,tree_8_80_cycle_4,tree_8_100_cycle_5,tree_8_20_grid_1,tree_8_40_grid_2,tree_8_60_grid_3,tree_8_80_grid_4,tree_8_100_grid_5
0.10726643598615918,0.2748,0.08177543176129282,0.38763427734375,0.10897808099869356,0.04514560715969296,0.08359994493918013,0.10924725402332591,0.10899249272824528,0.0009196042848044444,0.04873643377607642,0.011867767991038738,0.21566875,0.183048,0.1626,0.13859183673469389,0.1384453125,0.20274305555555555,0.16511707988980717,0.15314767573696145,0.142120338331411,0.134825,0.05797152408196684,0.05778181244359496,0.047011695914141206,0.052952862340275395,0.03396523270688905,0.08925381324073628,0.09990891607492872,0.09939426091412193,0.09959013066853377,0.10939911729295135
0.0007550716400146484,0.11277985572814941,0.0635218620300293,0.03757882118225098,0.042082786560058594,0.04088187217712402,0.33038878440856934,0.04595661163330078,0.028249740600585938,0.03683114051818848,0.08412694931030273,0.032387495040893555,0.017969131469726562,0.01892566680908203,0.021817922592163086,0.0227813720703125,0.023819923400878906,0.018616199493408203,0.02224445343017578,0.024532079696655273,0.02763199806213379,0.03079676628112793,0.009789466857910156,0.009773969650268555,0.011393547058105469,0.013081789016723633,0.01469731330871582,0.009826898574829102,0.01305532455444336,0.016811132431030273,0.01966404914855957,0.02331233024597168
