onion_200_2.5_2.txt,onion_200_2.5_5.txt,onion_400_2.5_3.txt,onion_500_2.5_2.txt,onion_100_2.5_5.txt,onion_400_2.5_5.txt,onion_300_2.5_1.txt,onion_400_2.5_2.txt,onion_300_2.5_4.txt,onion_400_2.5_4.txt,onion_300_2.5_3.txt,onion_300_2.5_2.txt,onion_500_2.5_5.txt,onion_400_2.5_1.txt,onion_100_2.5_2.txt,onion_100_2.5_1.txt,onion_500_2.5_1.txt,onion_300_2.5_5.txt,onion_200_2.5_4.txt,onion_200_2.5_1.txt,onion_100_2.5_3.txt,onion_100_2.5_4.txt,onion_200_2.5_3.txt,onion_500_2.5_3.txt,onion_500_2.5_4.txt
0.14923954010009766,0.06143808364868164,0.09592962265014648,0.12275862693786621,0.04822564125061035,0.09444403648376465,0.08898138999938965,0.09238004684448242,0.0798032283782959,0.11464858055114746,0.07907581329345703,0.07716155052185059,0.12886929512023926,0.1045076847076416,0.03770184516906738,0.04670834541320801,0.1115868091583252,0.0730137825012207,0.07118940353393555,0.0792386531829834,0.05848097801208496,0.04450058937072754,0.05653214454650879,0.09393811225891113,0.11209440231323242
